feature,n,auroc_raw,auroc_oriented
Original,68,0.8536231884057971,0.8536231884057971
csp_fisher_ratio,68,0.714975845410628,0.714975845410628
csp_centroid_cosine,68,0.29758454106280197,0.702415458937198
csp_centroid_dist,68,0.6946859903381642,0.6946859903381642
cov_condition_num,68,0.6763285024154588,0.6763285024154588
source_pool_knn10_dist,68,0.6512077294685991,0.6512077294685991
source_pool_sim_weight,68,0.41449275362318844,0.5855072463768116
source_pool_mean_dist,68,0.5748792270531401,0.5748792270531401
class_cov_riemann_dist,68,0.5111111111111111,0.5111111111111111
